concept_id,concept_code,concept_name,vocabulary_id,ancestor_concept_id,name,rxcui
43028073,OMOP4843158,zonisamide 50 MG Oral Capsule Box of 14 by Sandoz,RxNorm Extension,744798,zonisamide,39998
40742363,OMOP4715331,zonisamide 50 MG Oral Capsule [Zonegran] by Sigma,RxNorm Extension,744798,zonisamide,39998
36062692,OMOP4988734,zonisamide 100 MG Oral Capsule by Accord,RxNorm Extension,744798,zonisamide,39998
43028067,OMOP4843152,zonisamide 25 MG Oral Capsule Box of 14 by Sandoz,RxNorm Extension,744798,zonisamide,39998
35777888,OMOP2779349,1 ML zonisamide 10 MG/ML Oral Solution by Drug Tariff Special Order,RxNorm Extension,744798,zonisamide,39998
21060378,OMOP403570,zonisamide 25 MG Oral Capsule [Zonegran] Box of 14 by Lexon,RxNorm Extension,744798,zonisamide,39998
40833619,OMOP2031581,zonisamide 25 MG Oral Capsule Box of 84,RxNorm Extension,744798,zonisamide,39998
41306589,OMOP2504551,zonisamide 25 MG Oral Capsule [Zonisamid Ratiopharm] Box of 28,RxNorm Extension,744798,zonisamide,39998
44177947,OMOP3054670,zonisamide 50 MG Oral Capsule [Zonisamid Neuraxph] Box of 28 by Neuraxpharm,RxNorm Extension,744798,zonisamide,39998
21030885,OMOP403656,zonisamide 50 MG Oral Capsule Box of 28,RxNorm Extension,744798,zonisamide,39998
44169066,OMOP3045789,zonisamide 100 MG Oral Capsule [Zonisamid Al] Box of 196,RxNorm Extension,744798,zonisamide,39998
43641142,OMOP673318,zonisamide 25 MG Oral Capsule [Desizon] by Desitin,RxNorm Extension,744798,zonisamide,39998
43028070,OMOP4843155,zonisamide 100 MG Oral Capsule Box of 56 by Sandoz,RxNorm Extension,744798,zonisamide,39998
40742405,OMOP4715289,zonisamide 100 MG Oral Capsule by Aristo,RxNorm Extension,744798,zonisamide,39998
41213616,OMOP2411578,zonisamide 100 MG Oral Capsule [Zonisamid Beta],RxNorm Extension,744798,zonisamide,39998
44177951,OMOP3054674,zonisamide 25 MG Oral Capsule [Zonisamid Al] Box of 28 by Aliud,RxNorm Extension,744798,zonisamide,39998
2053962,OMOP4954534,zonisamide 200 MG Oral Powder,RxNorm Extension,744798,zonisamide,39998
41114483,OMOP2312445,zonisamide 100 MG Oral Capsule Box of 98,RxNorm Extension,744798,zonisamide,39998
21119199,OMOP403173,zonisamide 100 MG Oral Capsule [Zonegran] by Eisai,RxNorm Extension,744798,zonisamide,39998
36062709,OMOP4988751,zonisamide 25 MG Oral Capsule by DE,RxNorm Extension,744798,zonisamide,39998
35408870,OMOP1142455,zonisamide 100 MG [ZONISAMIDE MYLAN],RxNorm Extension,744798,zonisamide,39998
37592777,OMOP4782221,zonisamide 100 MG Oral Capsule [Zonisamid Glenmark],RxNorm Extension,744798,zonisamide,39998
40742366,OMOP4715328,zonisamide 50 MG Oral Capsule Box of 56 by Aristo,RxNorm Extension,744798,zonisamide,39998
37592779,OMOP4782222,zonisamide 100 MG Oral Capsule [Zonisamid Glenmark] by Glenmark,RxNorm Extension,744798,zonisamide,39998
40742390,OMOP4715304,zonisamide 25 MG Oral Capsule by Flynn,RxNorm Extension,744798,zonisamide,39998
21040782,OMOP403516,zonisamide 25 MG Oral Capsule [Zonegran] Box of 14 by Sigma-Tau,RxNorm Extension,744798,zonisamide,39998
35409322,OMOP1142907,zonisamide 50 MG Oral Capsule [ZONISAMIDE MYLAN] Box of 14,RxNorm Extension,744798,zonisamide,39998
36885065,OMOP989619,zonisamide 50 MG Oral Capsule [Zonegran] Box of 14,RxNorm Extension,744798,zonisamide,39998
36812496,OMOP4826530,zonisamide 25 MG Oral Capsule Box of 14 by Endo,RxNorm Extension,744798,zonisamide,39998
44186892,OMOP3063615,zonisamide 25 MG [Zonisamid Neuraxph],RxNorm Extension,744798,zonisamide,39998
43641141,OMOP673317,zonisamide 25 MG Oral Capsule [Desizon],RxNorm Extension,744798,zonisamide,39998
21168477,OMOP403390,zonisamide 25 MG Oral Capsule Box of 14 by TEVA,RxNorm Extension,744798,zonisamide,39998
21040780,OMOP403335,zonisamide 25 MG Oral Capsule by Alliance,RxNorm Extension,744798,zonisamide,39998
21138897,OMOP403710,zonisamide 50 MG Oral Capsule [Zonegran] by Mawdsley-Brooks,RxNorm Extension,744798,zonisamide,39998
36420783,OMOP4763063,zonisamide 50 MG Oral Capsule [Zonisamid Neuraxph] Box of 98,RxNorm Extension,744798,zonisamide,39998
36062687,OMOP4988729,zonisamide 100 MG Oral Capsule Box of 56 by Accord,RxNorm Extension,744798,zonisamide,39998
19085168,330418,zonisamide 100 MG,RxNorm,744798,zonisamide,39998
40932120,OMOP2130082,zonisamide 50 MG Oral Capsule [Zonisamid Bluefish] Box of 28,RxNorm Extension,744798,zonisamide,39998
21070325,OMOP403097,zonisamide 100 MG Oral Capsule Box of 65,RxNorm Extension,744798,zonisamide,39998
41083237,OMOP2281199,zonisamide 100 MG Oral Capsule Box of 196,RxNorm Extension,744798,zonisamide,39998
21030882,OMOP403118,zonisamide 100 MG Oral Capsule [Zonegran] by Mawdsley-Brooks,RxNorm Extension,744798,zonisamide,39998
40901028,OMOP2098990,zonisamide 25 MG Oral Capsule [Zonisahexal] Box of 28,RxNorm Extension,744798,zonisamide,39998
43766864,OMOP673321,zonisamide 100 MG [Desizon],RxNorm Extension,744798,zonisamide,39998
40975464,OMOP2173426,zonisamide 100 MG Oral Capsule [Zonegran] Box of 98 by Axicorp,RxNorm Extension,744798,zonisamide,39998
35410849,OMOP1144434,zonisamide 25 MG Oral Capsule [ZONISAMIDE MYLAN],RxNorm Extension,744798,zonisamide,39998
35410466,OMOP1144051,zonisamide Oral Capsule [ZONISAMIDE MYLAN],RxNorm Extension,744798,zonisamide,39998
36812874,OMOP4826909,zonisamide 50 MG Oral Capsule Box of 56 by Endo,RxNorm Extension,744798,zonisamide,39998
41006837,OMOP2204799,zonisamide 25 MG Oral Capsule [Zonegran] Box of 28 by Haematogmbh,RxNorm Extension,744798,zonisamide,39998
41295524,OMOP2493486,zonisamide 25 MG [Zonisamid Heumann],RxNorm Extension,744798,zonisamide,39998
40742383,OMOP4715311,zonisamide 25 MG Oral Capsule Box of 14 by Actavis,RxNorm Extension,744798,zonisamide,39998
21050542,OMOP403958,zonisamide 10 MG/ML Oral Solution,RxNorm Extension,744798,zonisamide,39998
41213614,OMOP2411576,zonisamide 50 MG Oral Capsule [Desizon] Box of 28,RxNorm Extension,744798,zonisamide,39998
40932124,OMOP2130086,zonisamide 100 MG Oral Capsule [Zonisamid 1a Pharma] Box of 196,RxNorm Extension,744798,zonisamide,39998
41270294,OMOP2468256,zonisamide 100 MG Oral Capsule Box of 14,RxNorm Extension,744798,zonisamide,39998
21089757,OMOP403064,zonisamide 100 MG Oral Capsule Box of 56 by Alliance,RxNorm Extension,744798,zonisamide,39998
44165238,OMOP3041961,zonisamide 100 MG Oral Capsule [Zonisamid Aristo],RxNorm Extension,744798,zonisamide,39998
36062706,OMOP4988748,zonisamide 25 MG Oral Capsule Box of 14 by Torrent,RxNorm Extension,744798,zonisamide,39998
41194615,OMOP2392577,zonisamide 50 MG Oral Capsule [Zonegran Eisai] Box of 84 by Eisai,RxNorm Extension,744798,zonisamide,39998
44162897,OMOP3039620,zonisamide 100 MG Oral Capsule [Zonisamid Beta] Box of 98 by Betapharm,RxNorm Extension,744798,zonisamide,39998
41295523,OMOP2493485,zonisamide 100 MG [Zonisamid Bluefish],RxNorm Extension,744798,zonisamide,39998
21089756,OMOP403020,zonisamide 100 MG Oral Capsule by Alliance,RxNorm Extension,744798,zonisamide,39998
42875599,OMOP4872713,zonisamide 100 MG Oral Capsule Box of 20 by Glenmark,RxNorm Extension,744798,zonisamide,39998
40742385,OMOP4715309,zonisamide 25 MG Oral Capsule Box of 14 by Flynn,RxNorm Extension,744798,zonisamide,39998
41182234,OMOP2380196,zonisamide 50 MG Oral Capsule [Zonisamid Bluefish],RxNorm Extension,744798,zonisamide,39998
41151217,OMOP2349179,zonisamide 100 MG Oral Capsule [Zonegran Eisai] Box of 98,RxNorm Extension,744798,zonisamide,39998
41080705,OMOP2278667,zonisamide Oral Capsule [Zonisamid Heumann],RxNorm Extension,744798,zonisamide,39998
35407894,OMOP1141479,zonisamide 25 MG Oral Capsule [ZONISAMIDE MYLAN] Box of 14 by Mylan,RxNorm Extension,744798,zonisamide,39998
41151215,OMOP2349177,zonisamide 100 MG Oral Capsule [Zonisahexal],RxNorm Extension,744798,zonisamide,39998
41077267,OMOP2275229,zonisamide 25 MG [Zonisamid Beta],RxNorm Extension,744798,zonisamide,39998
40833618,OMOP2031580,zonisamide 100 MG Oral Capsule Box of 28,RxNorm Extension,744798,zonisamide,39998
41037929,OMOP2235891,zonisamide 100 MG Oral Capsule [Zonegran] Box of 28 by Cc,RxNorm Extension,744798,zonisamide,39998
35145603,OMOP4802691,1000 MG zonisamide 0.2 MG/MG Oral Powder by Kyowa,RxNorm Extension,744798,zonisamide,39998
40952302,OMOP2150264,zonisamide 25 MG [Zonisahexal],RxNorm Extension,744798,zonisamide,39998
40882203,OMOP2080165,zonisamide 25 MG Oral Capsule [Zonegran] Box of 28 by Eurim-Pharm,RxNorm Extension,744798,zonisamide,39998
35788527,OMOP2789988,200 ML zonisamide 10 MG/ML Oral Solution,RxNorm Extension,744798,zonisamide,39998
41119662,OMOP2317624,zonisamide 25 MG Oral Capsule [Zonisahexal],RxNorm Extension,744798,zonisamide,39998
40742378,OMOP4715316,zonisamide 25 MG Oral Capsule [Zonegran] Box of 14 by Necessity Supplies,RxNorm Extension,744798,zonisamide,39998
36420777,OMOP4763057,zonisamide 25 MG Oral Capsule Box of 98,RxNorm Extension,744798,zonisamide,39998
36062707,OMOP4988749,zonisamide 25 MG Oral Capsule Box of 14 by DE,RxNorm Extension,744798,zonisamide,39998
35145962,OMOP4803047,1000 MG zonisamide 0.2 MG/MG Oral Powder [EXCEGRAN],RxNorm Extension,744798,zonisamide,39998
783125,OMOP4830957,zonisamide 25 MG Oral Capsule [Zonegran] Box of 28 by Eisai,RxNorm Extension,744798,zonisamide,39998
41176975,OMOP2374937,zonisamide 100 MG Oral Capsule Box of 84,RxNorm Extension,744798,zonisamide,39998
36062705,OMOP4988747,zonisamide 25 MG Oral Capsule [Zonegran] by CST,RxNorm Extension,744798,zonisamide,39998
40742371,OMOP4715323,zonisamide 50 MG Oral Capsule by Par Companies,RxNorm Extension,744798,zonisamide,39998
21089758,OMOP403381,zonisamide 25 MG Oral Capsule Box of 14 by A A H,RxNorm Extension,744798,zonisamide,39998
35406975,OMOP1140560,zonisamide 50 MG Oral Capsule [ZONISAMIDE MYLAN],RxNorm Extension,744798,zonisamide,39998
41295521,OMOP2493483,zonisamide 50 MG [Zonisamid Beta],RxNorm Extension,744798,zonisamide,39998
36420779,OMOP4763059,zonisamide 100 MG Oral Capsule [Zonisamid Neuraxph] Box of 28,RxNorm Extension,744798,zonisamide,39998
21099677,OMOP403228,zonisamide 100 MG Oral Capsule [Zonegran] Box of 56 by Waymade,RxNorm Extension,744798,zonisamide,39998
41088411,OMOP2286373,zonisamide 25 MG Oral Capsule [Zonegran Eisai] Box of 28,RxNorm Extension,744798,zonisamide,39998
21168476,OMOP403252,zonisamide 100 MG Oral Capsule [Zonegran] Box of 56 by Eisai,RxNorm Extension,744798,zonisamide,39998
40926957,OMOP2124919,zonisamide 25 MG Oral Capsule Box of 28,RxNorm Extension,744798,zonisamide,39998
40742375,OMOP4715319,zonisamide 50 MG Oral Capsule by Chanelle,RxNorm Extension,744798,zonisamide,39998
41119658,OMOP2317620,zonisamide 100 MG Oral Capsule [Zonisamid Beta] Box of 98,RxNorm Extension,744798,zonisamide,39998
41006836,OMOP2204798,zonisamide 50 MG Oral Capsule [Zonegran] Box of 28 by Haematogmbh,RxNorm Extension,744798,zonisamide,39998
41275518,OMOP2473480,zonisamide 100 MG Oral Capsule [Zonisamid Bluefish],RxNorm Extension,744798,zonisamide,39998
35149534,OMOP4806593,zonisamide Disintegrating Oral Tablet [Trerief],RxNorm Extension,744798,zonisamide,39998
21099676,OMOP403195,zonisamide 100 MG Oral Capsule [Zonegran] Box of 56,RxNorm Extension,744798,zonisamide,39998
40975463,OMOP2173425,zonisamide 50 MG Oral Capsule [Zonegran] Box of 28 by Aca Mueller,RxNorm Extension,744798,zonisamide,39998
36062704,OMOP4988746,zonisamide 25 MG Oral Capsule [Zonegran] Box of 14 by CST,RxNorm Extension,744798,zonisamide,39998
41256562,OMOP2454524,zonisamide 50 MG Oral Capsule [Zonegran] Box of 28 by Kohlpharma,RxNorm Extension,744798,zonisamide,39998
41213617,OMOP2411579,zonisamide 100 MG Oral Capsule [Zonisahexal] Box of 98,RxNorm Extension,744798,zonisamide,39998
41225668,OMOP2423630,zonisamide 100 MG Oral Capsule [Zonegran] Box of 196 by Emra-Med,RxNorm Extension,744798,zonisamide,39998
41264414,OMOP2462376,zonisamide 25 MG [Zonisamid Bluefish],RxNorm Extension,744798,zonisamide,39998
40882201,OMOP2080163,zonisamide 100 MG Oral Capsule [Zonegran] Box of 98 by Orifarm Leverkus,RxNorm Extension,744798,zonisamide,39998
44185379,OMOP3062102,zonisamide 100 MG Oral Capsule [Zonisamid Heumann] Box of 28 by Heumann,RxNorm Extension,744798,zonisamide,39998
41056920,OMOP2254882,zonisamide 100 MG Oral Capsule [Zonegran Eisai] Box of 84,RxNorm Extension,744798,zonisamide,39998
43821006,OMOP673331,zonisamide 50 MG Oral Capsule [Desizon],RxNorm Extension,744798,zonisamide,39998
40742374,OMOP4715320,zonisamide 50 MG Oral Capsule by Flynn,RxNorm Extension,744798,zonisamide,39998
40944525,OMOP2142487,zonisamide 100 MG Oral Capsule [Zonegran] Box of 98 by Cc,RxNorm Extension,744798,zonisamide,39998
2011896,OMOP4954536,zonisamide 200 MG Oral Powder [DONG-A EXCEGRAN] by Dong-a,RxNorm Extension,744798,zonisamide,39998
21040781,OMOP403429,zonisamide 25 MG Oral Capsule [Zonegran] by Sigma-Tau,RxNorm Extension,744798,zonisamide,39998
41069175,OMOP2267137,zonisamide 100 MG Oral Capsule [Zonegran Eisai] Box of 98 by Eisai,RxNorm Extension,744798,zonisamide,39998
41151219,OMOP2349181,zonisamide 100 MG Oral Capsule [Desizon] Box of 98,RxNorm Extension,744798,zonisamide,39998
36813438,OMOP4827471,zonisamide 25 MG Oral Capsule by Endo,RxNorm Extension,744798,zonisamide,39998
44181658,OMOP3058381,zonisamide 25 MG Oral Capsule [Zonisamid Beta] Box of 28 by Betapharm,RxNorm Extension,744798,zonisamide,39998
19100329,574848,zonisamide 100 MG [Zonegran],RxNorm,744798,zonisamide,39998
41163314,OMOP2361276,zonisamide 50 MG Oral Capsule [Zonegran] Box of 28 by Axicorp,RxNorm Extension,744798,zonisamide,39998
36062701,OMOP4988743,zonisamide 50 MG Oral Capsule by DE,RxNorm Extension,744798,zonisamide,39998
21158681,OMOP402956,zonisamide Oral Solution,RxNorm Extension,744798,zonisamide,39998
40987016,OMOP2184978,zonisamide Oral Capsule [Zonisahexal],RxNorm Extension,744798,zonisamide,39998
36813269,OMOP4827303,zonisamide 25 MG Oral Capsule Box of 14 by Sovereign,RxNorm Extension,744798,zonisamide,39998
41194616,OMOP2392578,zonisamide 100 MG Oral Capsule [Zonegran] Box of 196 by Bb Farma,RxNorm Extension,744798,zonisamide,39998
2011899,OMOP4954541,zonisamide 20000 MG Oral Powder [DONG-A EXCEGRAN] by Dong-a,RxNorm Extension,744798,zonisamide,39998
41069177,OMOP2267139,zonisamide 25 MG Oral Capsule [Zonisamid Ratiopharm] Box of 28 by Ratiopharm,RxNorm Extension,744798,zonisamide,39998
41131967,OMOP2329929,zonisamide 100 MG Oral Capsule [Zonisamid Heumann] Box of 98 by Heumann,RxNorm Extension,744798,zonisamide,39998
40742362,OMOP4715332,zonisamide 50 MG Oral Capsule [Zonegran] by Necessity Supplies,RxNorm Extension,744798,zonisamide,39998
41100645,OMOP2298607,zonisamide 25 MG Oral Capsule [Zonisahexal] Box of 28 by Novartis,RxNorm Extension,744798,zonisamide,39998
40742399,OMOP4715295,zonisamide 100 MG Oral Capsule Box of 56 by Flynn,RxNorm Extension,744798,zonisamide,39998
44166711,OMOP3043434,zonisamide 50 MG Oral Capsule [Zonegran] Box of 84 by Kohlpharma,RxNorm Extension,744798,zonisamide,39998
44187050,OMOP3063773,zonisamide Oral Capsule [Zonisamid Aristo],RxNorm Extension,744798,zonisamide,39998
21050541,OMOP403775,zonisamide 50 MG Oral Capsule [Zonegran] by Lexon,RxNorm Extension,744798,zonisamide,39998
35753470,OMOP2754931,zonisamide 10 MG/ML Oral Suspension by Drug Tariff Special Order,RxNorm Extension,744798,zonisamide,39998
36062708,OMOP4988750,zonisamide 25 MG Oral Capsule by Torrent,RxNorm Extension,744798,zonisamide,39998
41069176,OMOP2267138,zonisamide 100 MG Oral Capsule [Zonegran] Box of 98 by Haematogmbh,RxNorm Extension,744798,zonisamide,39998
40742361,OMOP4715333,zonisamide 50 MG Oral Capsule [Zonegran] Box of 28 by Sigma,RxNorm Extension,744798,zonisamide,39998
19102549,403966,zonisamide 25 MG Oral Capsule,RxNorm,744798,zonisamide,39998
21079250,OMOP326644,200 ML zonisamide 10 MG/ML Oral Suspension,RxNorm Extension,744798,zonisamide,39998
44169065,OMOP3045788,zonisamide 100 MG Oral Capsule [Zonisamid Neuraxph],RxNorm Extension,744798,zonisamide,39998
40944524,OMOP2142486,zonisamide 100 MG Oral Capsule [Zonegran] Box of 98 by Eurim-Pharm,RxNorm Extension,744798,zonisamide,39998
35410065,OMOP1143650,zonisamide 100 MG Oral Capsule [ZONISAMIDE MYLAN] Box of 56,RxNorm Extension,744798,zonisamide,39998
41151213,OMOP2349175,zonisamide 100 MG Oral Capsule [Zonisamid Bluefish] Box of 98,RxNorm Extension,744798,zonisamide,39998
44181657,OMOP3058380,zonisamide 25 MG Oral Capsule [Zonisamid Neuraxph] Box of 28 by Neuraxpharm,RxNorm Extension,744798,zonisamide,39998
43028071,OMOP4843156,zonisamide 50 MG Oral Capsule Box of 14 by Mylan,RxNorm Extension,744798,zonisamide,39998
36811834,OMOP4825868,zonisamide 25 MG Oral Capsule by Sovereign,RxNorm Extension,744798,zonisamide,39998
35411151,OMOP1144736,zonisamide 25 MG [ZONISAMIDE MYLAN],RxNorm Extension,744798,zonisamide,39998
35150878,OMOP4807925,zonisamide 50 MG Disintegrating Oral Tablet [Trerief],RxNorm Extension,744798,zonisamide,39998
44181656,OMOP3058379,zonisamide 50 MG Oral Capsule [Zonisamid Bluefish] Box of 28 by Bluefish,RxNorm Extension,744798,zonisamide,39998
41069171,OMOP2267133,zonisamide 50 MG Oral Capsule [Zonegran] Box of 28 by Cc,RxNorm Extension,744798,zonisamide,39998
41131965,OMOP2329927,zonisamide 50 MG Oral Capsule [Zonegran] Box of 28 by BR,RxNorm Extension,744798,zonisamide,39998
40742395,OMOP4715299,zonisamide 100 MG Oral Capsule [Zonegran] by Sigma,RxNorm Extension,744798,zonisamide,39998
43028072,OMOP4843157,zonisamide 50 MG Oral Capsule Box of 14 by TEVA,RxNorm Extension,744798,zonisamide,39998
41275517,OMOP2473479,zonisamide 100 MG Oral Capsule [Zonisamid Heumann] Box of 98,RxNorm Extension,744798,zonisamide,39998
2011900,OMOP4954543,zonisamide 20000 MG [DONG-A EXCEGRAN],RxNorm Extension,744798,zonisamide,39998
41163315,OMOP2361277,zonisamide 100 MG Oral Capsule [ZONISAMIDE MYLAN] Box of 196 by Mylan,RxNorm Extension,744798,zonisamide,39998
40994647,OMOP2192609,zonisamide 100 MG Oral Capsule [Zonisamid 1a Pharma],RxNorm Extension,744798,zonisamide,39998
35412525,OMOP1146110,zonisamide 50 MG Oral Capsule [ZONISAMIDE MYLAN] Box of 14 by Mylan,RxNorm Extension,744798,zonisamide,39998
21109503,OMOP403478,zonisamide 25 MG Oral Capsule [Zonegran] by Lexon,RxNorm Extension,744798,zonisamide,39998
40901027,OMOP2098989,zonisamide 50 MG Oral Capsule [Zonisahexal] Box of 28,RxNorm Extension,744798,zonisamide,39998
36420775,OMOP4763055,zonisamide 25 MG Oral Capsule [Zonisamid Aristo] Box of 28,RxNorm Extension,744798,zonisamide,39998
40975466,OMOP2173428,zonisamide 25 MG Oral Capsule [Zonegran Eisai] Box of 84 by Eisai,RxNorm Extension,744798,zonisamide,39998
40944520,OMOP2142482,zonisamide 50 MG Oral Capsule [Zonegran] Box of 28 by Emra-Med,RxNorm Extension,744798,zonisamide,39998
43695087,OMOP673334,zonisamide 50 MG Oral Capsule [Zonisamid Ratiopharm] by Ratiopharm,RxNorm Extension,744798,zonisamide,39998
41194617,OMOP2392579,zonisamide 100 MG Oral Capsule [Zonegran] Box of 98 by Beragena,RxNorm Extension,744798,zonisamide,39998
35865567,OMOP5021674,zonisamide 100 MG Oral Tablet [Lulang],RxNorm Extension,744798,zonisamide,39998
21158689,OMOP403883,zonisamide 50 MG Oral Capsule [Zonegran] Box of 56 by DE,RxNorm Extension,744798,zonisamide,39998
40869933,OMOP2067895,zonisamide 100 MG Oral Capsule [Zonegran Eisai],RxNorm Extension,744798,zonisamide,39998
41163322,OMOP2361284,zonisamide 25 MG Oral Capsule [Zonegran] Box of 28 by Aca Mueller,RxNorm Extension,744798,zonisamide,39998
19102904,404725,zonisamide 25 MG Oral Capsule [Zonegran],RxNorm,744798,zonisamide,39998
44184001,OMOP3060724,zonisamide 25 MG Oral Capsule [Zonisamid Neuraxph] Box of 28,RxNorm Extension,744798,zonisamide,39998
41045853,OMOP2243815,zonisamide 50 MG [Zonisamid 1a Pharma],RxNorm Extension,744798,zonisamide,39998
19103106,406298,zonisamide 25 MG,RxNorm,744798,zonisamide,39998
41069174,OMOP2267136,zonisamide 100 MG Oral Capsule [Zonisahexal] Box of 14 by Novartis,RxNorm Extension,744798,zonisamide,39998
40742404,OMOP4715290,zonisamide 100 MG Oral Capsule by Actavis,RxNorm Extension,744798,zonisamide,39998
744800,314285,zonisamide 100 MG Oral Capsule,RxNorm,744798,zonisamide,39998
40869932,OMOP2067894,zonisamide 100 MG Oral Capsule [Zonisahexal] Box of 14,RxNorm Extension,744798,zonisamide,39998
36420784,OMOP4763064,zonisamide 50 MG Oral Capsule [Zonisamid Aristo] Box of 28,RxNorm Extension,744798,zonisamide,39998
40963369,OMOP2161331,zonisamide 100 MG Oral Capsule [Zonegran Eisai] Box of 28,RxNorm Extension,744798,zonisamide,39998
36062688,OMOP4988730,zonisamide 100 MG Oral Capsule Box of 56 by Zentiva,RxNorm Extension,744798,zonisamide,39998
41151214,OMOP2349176,zonisamide 100 MG Oral Capsule [Zonisamid 1a Pharma] Box of 98,RxNorm Extension,744798,zonisamide,39998
36504750,OMOP4835072,zonisamide 50 MG Oral Capsule by Allomedic,RxNorm Extension,744798,zonisamide,39998
21050540,OMOP403628,zonisamide 50 MG Oral Capsule by Alliance,RxNorm Extension,744798,zonisamide,39998
40850975,OMOP2048937,zonisamide 100 MG Oral Capsule [Zonegran] Box of 98 by Emra-Med,RxNorm Extension,744798,zonisamide,39998
21040785,OMOP403797,zonisamide 50 MG Oral Capsule [Zonegran] Box of 28,RxNorm Extension,744798,zonisamide,39998
41119661,OMOP2317623,zonisamide 25 MG Oral Capsule [Zonisahexal] Box of 14,RxNorm Extension,744798,zonisamide,39998
41025718,OMOP2223680,zonisamide 50 MG Oral Capsule [Zonisamid Ratiopharm] Box of 28,RxNorm Extension,744798,zonisamide,39998
36814495,OMOP4828535,zonisamide 50 MG Oral Capsule by Sovereign,RxNorm Extension,744798,zonisamide,39998
40742400,OMOP4715294,zonisamide 100 MG Oral Capsule Box of 56 by Chanelle,RxNorm Extension,744798,zonisamide,39998
21138896,OMOP403486,zonisamide 25 MG Oral Capsule [Zonegran] by Dowelhurst,RxNorm Extension,744798,zonisamide,39998
44169064,OMOP3045787,zonisamide 25 MG Oral Capsule [Zonisamid Al],RxNorm Extension,744798,zonisamide,39998
2053963,OMOP4954537,zonisamide 200 MG,RxNorm Extension,744798,zonisamide,39998
40838870,OMOP2036832,zonisamide 100 MG Oral Capsule [Zonisamid 1a Pharma] Box of 28,RxNorm Extension,744798,zonisamide,39998
41088408,OMOP2286370,zonisamide 25 MG Oral Capsule [Zonisamid Heumann] Box of 28,RxNorm Extension,744798,zonisamide,39998
40850974,OMOP2048936,zonisamide 100 MG Oral Capsule [Zonegran Eisai] Box of 28 by Eisai,RxNorm Extension,744798,zonisamide,39998
36811204,OMOP4825241,zonisamide 50 MG Oral Capsule by Endo,RxNorm Extension,744798,zonisamide,39998
36062703,OMOP4988745,zonisamide 50 MG Oral Capsule by Zentiva,RxNorm Extension,744798,zonisamide,39998
44177949,OMOP3054672,zonisamide 50 MG Oral Capsule [Zonegran] Box of 84 by Eurim-Pharm,RxNorm Extension,744798,zonisamide,39998
35409406,OMOP1142991,zonisamide 50 MG Oral Capsule [Zonegran] Box of 14 by Eisai,RxNorm Extension,744798,zonisamide,39998
21148734,OMOP403495,zonisamide 25 MG Oral Capsule [Zonegran] Box of 14,RxNorm Extension,744798,zonisamide,39998
44184002,OMOP3060725,zonisamide 100 MG Oral Capsule [Zonisamid Aristo] Box of 98,RxNorm Extension,744798,zonisamide,39998
35408711,OMOP1142296,zonisamide 100 MG Oral Capsule [ZONISAMIDE MYLAN] Box of 56 by Mylan,RxNorm Extension,744798,zonisamide,39998
41014691,OMOP2212653,zonisamide 25 MG [Zonisamid Ratiopharm],RxNorm Extension,744798,zonisamide,39998
36062689,OMOP4988731,zonisamide 100 MG Oral Capsule by Torrent,RxNorm Extension,744798,zonisamide,39998
41319012,OMOP2516974,zonisamide 100 MG Oral Capsule [Zonegran] Box of 196 by Cc,RxNorm Extension,744798,zonisamide,39998
41088409,OMOP2286371,zonisamide 25 MG Oral Capsule [Zonisamid 1a Pharma] Box of 28,RxNorm Extension,744798,zonisamide,39998
41298974,OMOP2496936,zonisamide Oral Capsule [Zonisamid 1a Pharma],RxNorm Extension,744798,zonisamide,39998
21089759,OMOP403924,zonisamide 5 MG/ML Oral Suspension,RxNorm Extension,744798,zonisamide,39998
40983457,OMOP2181419,zonisamide 100 MG [Zonisamid Heumann],RxNorm Extension,744798,zonisamide,39998
40742398,OMOP4715296,zonisamide 100 MG Oral Capsule Box of 56 by Aristo,RxNorm Extension,744798,zonisamide,39998
40742391,OMOP4715303,zonisamide 25 MG Oral Capsule by Dr Reddy's,RxNorm Extension,744798,zonisamide,39998
44166714,OMOP3043437,zonisamide 100 MG Oral Capsule [Zonisahexal] Box of 98 by Novartis,RxNorm Extension,744798,zonisamide,39998
41146044,OMOP2344006,zonisamide 50 MG Oral Capsule Box of 84,RxNorm Extension,744798,zonisamide,39998
21128993,OMOP403270,zonisamide 100 MG Oral Capsule [Zonegran] Box of 65 by Lexon,RxNorm Extension,744798,zonisamide,39998
44172811,OMOP3049534,zonisamide 25 MG Oral Capsule [Zonisamid Neuraxph],RxNorm Extension,744798,zonisamide,39998
994842,OMOP4821354,zonisamide 50 MG Oral Capsule [Zonegran] by Abacus Medicine,RxNorm Extension,744798,zonisamide,39998
35149473,OMOP4806532,zonisamide 25 MG [Trerief],RxNorm Extension,744798,zonisamide,39998
35140818,OMOP4797954,zonisamide 0.2 MG/MG Oral Powder [EXCEGRAN],RxNorm Extension,744798,zonisamide,39998
21060379,OMOP403580,zonisamide 25 MG Oral Capsule [Zonegran] Box of 14 by Dowelhurst,RxNorm Extension,744798,zonisamide,39998
40913263,OMOP2111225,zonisamide 100 MG Oral Capsule [Zonegran] Box of 196 by Gerke,RxNorm Extension,744798,zonisamide,39998
37592776,OMOP4782220,zonisamide 100 MG [Zonisamid Glenmark],RxNorm Extension,744798,zonisamide,39998
41100643,OMOP2298605,zonisamide 100 MG Oral Capsule [Zonegran] Box of 98 by Kohlpharma,RxNorm Extension,744798,zonisamide,39998
44166713,OMOP3043436,zonisamide 100 MG Oral Capsule [Zonisamid Beta] Box of 196 by Betapharm,RxNorm Extension,744798,zonisamide,39998
40913264,OMOP2111226,zonisamide 100 MG Oral Capsule [Zonegran] Box of 196 by Beragena,RxNorm Extension,744798,zonisamide,39998
2011897,OMOP4954538,zonisamide 200 MG [DONG-A EXCEGRAN],RxNorm Extension,744798,zonisamide,39998
41119659,OMOP2317621,zonisamide 100 MG Oral Capsule [Zonisamid Beta] Box of 28,RxNorm Extension,744798,zonisamide,39998
44166712,OMOP3043435,zonisamide 100 MG Oral Capsule [Zonisamid Al] Box of 196 by Aliud,RxNorm Extension,744798,zonisamide,39998
35137717,OMOP4795442,zonisamide 50 MG [Trerief],RxNorm Extension,744798,zonisamide,39998
40742408,OMOP4715286,zonisamide 100 MG Oral Capsule by Dr Reddy's,RxNorm Extension,744798,zonisamide,39998
35865569,OMOP5021676,zonisamide Oral Tablet [Lulang],RxNorm Extension,744798,zonisamide,39998
41182233,OMOP2380195,zonisamide 50 MG Oral Capsule [ZONISAMIDE MYLAN] Box of 28,RxNorm Extension,744798,zonisamide,39998
36420782,OMOP4763062,zonisamide 100 MG Oral Capsule [Zonisamid Al] Box of 28,RxNorm Extension,744798,zonisamide,39998
40932123,OMOP2130085,zonisamide 100 MG Oral Capsule [Zonisamid Bluefish] Box of 28,RxNorm Extension,744798,zonisamide,39998
19103107,406299,zonisamide 50 MG,RxNorm,744798,zonisamide,39998
40742393,OMOP4715301,zonisamide 100 MG Oral Capsule [Zonegran] Box of 56 by Sigma,RxNorm Extension,744798,zonisamide,39998
40825505,OMOP2023467,zonisamide 50 MG Oral Capsule [Zonisamid Beta],RxNorm Extension,744798,zonisamide,39998
36062683,OMOP4988725,zonisamide 100 MG Oral Capsule [Zonegran] by CST,RxNorm Extension,744798,zonisamide,39998
44172094,OMOP3048817,zonisamide Oral Capsule [Zonisamid Neuraxph],RxNorm Extension,744798,zonisamide,39998
41069173,OMOP2267135,zonisamide 100 MG Oral Capsule [Zonisahexal] Box of 28 by Novartis,RxNorm Extension,744798,zonisamide,39998
40742370,OMOP4715324,zonisamide 50 MG Oral Capsule Box of 56 by Creo,RxNorm Extension,744798,zonisamide,39998
35788520,OMOP2789981,200 ML zonisamide 10 MG/ML Oral Suspension by Drug Tariff Special Order,RxNorm Extension,744798,zonisamide,39998
40101600,366554,zonisamide Oral Capsule [Zonegran],RxNorm,744798,zonisamide,39998
44170438,OMOP3047161,zonisamide 100 MG Oral Capsule [Zonisamid Neuraxph] Box of 196 by Neuraxpharm,RxNorm Extension,744798,zonisamide,39998
36214094,1156264,zonisamide Pill,RxNorm,744798,zonisamide,39998
36504054,OMOP4836617,zonisamide 25 MG Oral Capsule by Glenmark,RxNorm Extension,744798,zonisamide,39998
36062695,OMOP4988737,zonisamide 50 MG Oral Capsule [Zonegran] by CST,RxNorm Extension,744798,zonisamide,39998
36241106,1186309,Zonegran Oral Product,RxNorm,744798,zonisamide,39998
21030886,OMOP403663,zonisamide 50 MG Oral Capsule Box of 56,RxNorm Extension,744798,zonisamide,39998
41182235,OMOP2380197,zonisamide 100 MG Oral Capsule [Zonisahexal] Box of 196,RxNorm Extension,744798,zonisamide,39998
41163320,OMOP2361282,zonisamide 25 MG Oral Capsule [Zonegran] Box of 28 by Europharma,RxNorm Extension,744798,zonisamide,39998
42955920,OMOP4682461,zonisamide Oral Tablet [EXCEGRAN],RxNorm Extension,744798,zonisamide,39998
36062702,OMOP4988744,zonisamide 50 MG Oral Capsule by Mylan,RxNorm Extension,744798,zonisamide,39998
41056918,OMOP2254880,zonisamide 100 MG Oral Capsule [Zonisamid Heumann],RxNorm Extension,744798,zonisamide,39998
36062684,OMOP4988726,zonisamide 100 MG Oral Capsule [Zonegran] by Originalis B.V.,RxNorm Extension,744798,zonisamide,39998
21168480,OMOP403807,zonisamide 50 MG Oral Capsule [Zonegran] Box of 28 by Sigma-Tau,RxNorm Extension,744798,zonisamide,39998
41213618,OMOP2411580,zonisamide 25 MG Oral Capsule [Zonegran Eisai] Box of 84,RxNorm Extension,744798,zonisamide,39998
44183142,OMOP3059865,zonisamide 100 MG [Zonisamid Neuraxph],RxNorm Extension,744798,zonisamide,39998
36813256,OMOP4827290,zonisamide 100 MG Oral Capsule by Endo,RxNorm Extension,744798,zonisamide,39998
44177952,OMOP3054675,zonisamide 100 MG Oral Capsule [Zonisamid Aristo] Box of 98 by Aristo,RxNorm Extension,744798,zonisamide,39998
41319011,OMOP2516973,zonisamide 100 MG Oral Capsule [Zonegran] Box of 196 by Haematogmbh,RxNorm Extension,744798,zonisamide,39998
2011898,OMOP4954540,zonisamide 20000 MG Oral Powder [DONG-A EXCEGRAN],RxNorm Extension,744798,zonisamide,39998
35143260,OMOP4800365,zonisamide 25 MG Disintegrating Oral Tablet [Trerief],RxNorm Extension,744798,zonisamide,39998
40952300,OMOP2150262,zonisamide 100 MG [Zonisahexal],RxNorm Extension,744798,zonisamide,39998
21070327,OMOP403872,zonisamide 50 MG Oral Capsule [Zonegran] Box of 56 by Waymade,RxNorm Extension,744798,zonisamide,39998
35138465,OMOP4795626,zonisamide Disintegrating Oral Tablet,RxNorm Extension,744798,zonisamide,39998
44185378,OMOP3062101,zonisamide 100 MG Oral Capsule [Zonisamid Al] Box of 98 by Aliud,RxNorm Extension,744798,zonisamide,39998
37592781,OMOP4782224,zonisamide 50 MG Oral Capsule [Zonisamid Glenmark],RxNorm Extension,744798,zonisamide,39998
44184000,OMOP3060723,zonisamide 50 MG Oral Capsule [Zonisamid Neuraxph] Box of 28,RxNorm Extension,744798,zonisamide,39998
37592783,OMOP4782226,zonisamide 50 MG Oral Capsule [Zonegran] by Aca Mueller,RxNorm Extension,744798,zonisamide,39998
41143576,OMOP2341538,zonisamide Oral Capsule [Zonisamid Beta],RxNorm Extension,744798,zonisamide,39998
19071458,284408,zonisamide 100 MG Oral Capsule [Zonegran],RxNorm,744798,zonisamide,39998
40742394,OMOP4715300,zonisamide 100 MG Oral Capsule [Zonegran] by Necessity Supplies,RxNorm Extension,744798,zonisamide,39998
35407751,OMOP1141336,zonisamide 100 MG Oral Capsule [ZONISAMIDE MYLAN],RxNorm Extension,744798,zonisamide,39998
21060380,OMOP403850,zonisamide 50 MG Oral Capsule [Zonegran] Box of 56,RxNorm Extension,744798,zonisamide,39998
44161446,OMOP3038169,zonisamide 25 MG Oral Capsule [Zonisamid Al] Box of 28,RxNorm Extension,744798,zonisamide,39998
19121163,576610,zonisamide 25 MG [Zonegran],RxNorm,744798,zonisamide,39998
40742386,OMOP4715308,zonisamide 25 MG Oral Capsule Box of 14 by Dr Reddy's,RxNorm Extension,744798,zonisamide,39998
40850976,OMOP2048938,zonisamide 100 MG Oral Capsule [Zonegran] Box of 28 by Aca Mueller,RxNorm Extension,744798,zonisamide,39998
21138895,OMOP403128,zonisamide 100 MG Oral Capsule [Zonegran] by Sigma-Tau,RxNorm Extension,744798,zonisamide,39998
37592780,OMOP4782223,zonisamide 50 MG [Zonisamid Glenmark],RxNorm Extension,744798,zonisamide,39998
40820974,OMOP2018936,zonisamide 50 MG Oral Capsule [Zonisamid Beta] Box of 28,RxNorm Extension,744798,zonisamide,39998
19066366,259224,zonisamide 100 MG Oral Tablet,RxNorm,744798,zonisamide,39998
40742382,OMOP4715312,zonisamide 25 MG Oral Capsule Box of 14 by Par Companies,RxNorm Extension,744798,zonisamide,39998
41287612,OMOP2485574,zonisamide 100 MG Oral Capsule [ZONISAMIDE MYLAN] Box of 98 by Mylan,RxNorm Extension,744798,zonisamide,39998
40742364,OMOP4715330,zonisamide 50 MG Oral Capsule Box of 56 by Par Companies,RxNorm Extension,744798,zonisamide,39998
43028069,OMOP4843154,zonisamide 100 MG Oral Capsule Box of 56 by Mylan,RxNorm Extension,744798,zonisamide,39998
44172810,OMOP3049533,zonisamide 50 MG Oral Capsule [Zonisamid Al],RxNorm Extension,744798,zonisamide,39998
21021177,OMOP403290,zonisamide 20 MG/ML Oral Suspension,RxNorm Extension,744798,zonisamide,39998
783124,OMOP4830956,zonisamide 50 MG Oral Capsule [Zonegran] Box of 28 by Eisai,RxNorm Extension,744798,zonisamide,39998
41088407,OMOP2286369,zonisamide 25 MG Oral Capsule [ZONISAMIDE MYLAN] Box of 28,RxNorm Extension,744798,zonisamide,39998
44168179,OMOP3044902,zonisamide 100 MG [Zonisamid Aristo],RxNorm Extension,744798,zonisamide,39998
36062682,OMOP4988724,zonisamide 100 MG Oral Capsule [Zonegran] Box of 56 by Originalis B.V.,RxNorm Extension,744798,zonisamide,39998
21148733,OMOP403439,zonisamide 25 MG Oral Capsule [Zonegran] by Waymade,RxNorm Extension,744798,zonisamide,39998
41014690,OMOP2212652,zonisamide 100 MG [Zonisamid Ratiopharm],RxNorm Extension,744798,zonisamide,39998
40862322,OMOP2060284,zonisamide Oral Capsule [Zonisamid Ratiopharm],RxNorm Extension,744798,zonisamide,39998
36062699,OMOP4988741,zonisamide 50 MG Oral Capsule Box of 56 by Zentiva,RxNorm Extension,744798,zonisamide,39998
21158683,OMOP403086,zonisamide 100 MG Oral Capsule Box of 56 by TEVA,RxNorm Extension,744798,zonisamide,39998
41213613,OMOP2411575,zonisamide 50 MG Oral Capsule [Zonegran] Box of 84,RxNorm Extension,744798,zonisamide,39998
21060375,OMOP403075,zonisamide 100 MG Oral Capsule Box of 56 by A A H,RxNorm Extension,744798,zonisamide,39998
41151221,OMOP2349183,zonisamide 25 MG Oral Capsule [Zonisamid Beta],RxNorm Extension,744798,zonisamide,39998
41088406,OMOP2286368,zonisamide 100 MG Oral Capsule [Zonisamid Heumann] Box of 196,RxNorm Extension,744798,zonisamide,39998
36062694,OMOP4988736,zonisamide 50 MG Oral Capsule [Zonegran] Box of 56 by CST,RxNorm Extension,744798,zonisamide,39998
36812403,OMOP4826435,zonisamide 50 MG Oral Capsule Box of 56 by Sovereign,RxNorm Extension,744798,zonisamide,39998
41194619,OMOP2392581,zonisamide 25 MG Oral Capsule [Zonegran] Box of 28 by Cc,RxNorm Extension,744798,zonisamide,39998
40742380,OMOP4715314,zonisamide 25 MG Oral Capsule [Zonegran] by Necessity Supplies,RxNorm Extension,744798,zonisamide,39998
35776447,OMOP2777908,1 ML zonisamide 10 MG/ML Oral Suspension by Drug Tariff Special Order,RxNorm Extension,744798,zonisamide,39998
21070324,OMOP403031,zonisamide 100 MG Oral Capsule by A A H,RxNorm Extension,744798,zonisamide,39998
40850971,OMOP2048933,zonisamide 50 MG Oral Capsule [ZONISAMIDE MYLAN] Box of 28 by Mylan,RxNorm Extension,744798,zonisamide,39998
2053964,OMOP4954539,zonisamide 20000 MG Oral Powder,RxNorm Extension,744798,zonisamide,39998
21148737,OMOP403914,zonisamide 5 MG/ML,RxNorm Extension,744798,zonisamide,39998
41287611,OMOP2485573,zonisamide 100 MG Oral Capsule [Zonisamid Ratiopharm] Box of 98 by Ratiopharm,RxNorm Extension,744798,zonisamide,39998
41163317,OMOP2361279,zonisamide 100 MG Oral Capsule [Zonegran] Box of 196 by Aca Mueller,RxNorm Extension,744798,zonisamide,39998
41244608,OMOP2442570,zonisamide 25 MG Oral Capsule [Zonegran Eisai],RxNorm Extension,744798,zonisamide,39998
40831115,OMOP2029077,zonisamide Oral Capsule [Zonisamid Bluefish],RxNorm Extension,744798,zonisamide,39998
44170437,OMOP3047160,zonisamide 50 MG Oral Capsule [Zonegran] Box of 84 by BR,RxNorm Extension,744798,zonisamide,39998
41256563,OMOP2454525,zonisamide 50 MG Oral Capsule [Zonegran] Box of 28 by Eurim-Pharm,RxNorm Extension,744798,zonisamide,39998
40742409,OMOP4715285,zonisamide 100 MG Oral Capsule by Creo,RxNorm Extension,744798,zonisamide,39998
35160379,OMOP4817357,zonisamide Oral Powder,RxNorm Extension,744798,zonisamide,39998
40742397,OMOP4715297,zonisamide 100 MG Oral Capsule Box of 56 by Actavis,RxNorm Extension,744798,zonisamide,39998
41163316,OMOP2361278,zonisamide 100 MG Oral Capsule [Zonegran] Box of 196 by Orifarm Leverkus,RxNorm Extension,744798,zonisamide,39998
35412431,OMOP1146016,zonisamide 25 MG Oral Capsule [ZONISAMIDE MYLAN] Box of 14,RxNorm Extension,744798,zonisamide,39998
21099679,OMOP403639,zonisamide 50 MG Oral Capsule by A A H,RxNorm Extension,744798,zonisamide,39998
44179422,OMOP3056145,zonisamide 50 MG [Zonisamid Neuraxph],RxNorm Extension,744798,zonisamide,39998
41264415,OMOP2462377,zonisamide 25 MG [Zonegran Eisai],RxNorm Extension,744798,zonisamide,39998
40869930,OMOP2067892,zonisamide 50 MG Oral Capsule [Zonisahexal],RxNorm Extension,744798,zonisamide,39998
36420786,OMOP4763066,zonisamide 50 MG Oral Capsule Box of 98,RxNorm Extension,744798,zonisamide,39998
36062710,OMOP4988752,zonisamide 25 MG Oral Capsule by Mylan,RxNorm Extension,744798,zonisamide,39998
41319009,OMOP2516971,zonisamide 100 MG Oral Capsule [Zonegran Eisai] Box of 84 by Eisai,RxNorm Extension,744798,zonisamide,39998
35157094,OMOP4814101,zonisamide 0.2 MG/MG [EXCEGRAN],RxNorm Extension,744798,zonisamide,39998
36062698,OMOP4988740,zonisamide 50 MG Oral Capsule Box of 56 by Mylan,RxNorm Extension,744798,zonisamide,39998
35137826,OMOP4794997,1010 MG zonisamide 0.2 MG/MG Oral Powder,RxNorm Extension,744798,zonisamide,39998
36062681,OMOP4988723,zonisamide 100 MG Oral Capsule [Zonegran] Box of 56 by CST,RxNorm Extension,744798,zonisamide,39998
40742368,OMOP4715326,zonisamide 50 MG Oral Capsule Box of 56 by Chanelle,RxNorm Extension,744798,zonisamide,39998
35152293,OMOP4809329,zonisamide 25 MG Oral Tablet [Trerief],RxNorm Extension,744798,zonisamide,39998
21030887,OMOP403839,zonisamide 50 MG Oral Capsule [Zonegran] Box of 28 by Dowelhurst,RxNorm Extension,744798,zonisamide,39998
21148732,OMOP403279,zonisamide 20 MG/ML,RxNorm Extension,744798,zonisamide,39998
21040786,OMOP403827,zonisamide 50 MG Oral Capsule [Zonegran] Box of 28 by Lexon,RxNorm Extension,744798,zonisamide,39998
40944522,OMOP2142484,zonisamide 100 MG Oral Capsule [Zonisahexal] Box of 196 by Novartis,RxNorm Extension,744798,zonisamide,39998
2011901,OMOP4954544,zonisamide Oral Powder [DONG-A EXCEGRAN],RxNorm Extension,744798,zonisamide,39998
40862323,OMOP2060285,zonisamide Oral Capsule [Zonegran Eisai],RxNorm Extension,744798,zonisamide,39998
41256564,OMOP2454526,zonisamide 100 MG Oral Capsule [Zonegran] Box of 196 by Eurim-Pharm,RxNorm Extension,744798,zonisamide,39998
41069172,OMOP2267134,zonisamide 100 MG Oral Capsule [Zonisamid 1a Pharma] Box of 196 by 1 A,RxNorm Extension,744798,zonisamide,39998
40742369,OMOP4715325,zonisamide 50 MG Oral Capsule Box of 56 by Dr Reddy's,RxNorm Extension,744798,zonisamide,39998
21126003,OMOP289524,1 ML zonisamide 5 MG/ML Oral Suspension,RxNorm Extension,744798,zonisamide,39998
36420780,OMOP4763060,zonisamide 100 MG Oral Capsule [Zonisamid Aristo] Box of 196,RxNorm Extension,744798,zonisamide,39998
40963370,OMOP2161332,zonisamide 25 MG Oral Capsule [Zonisamid Bluefish] Box of 28,RxNorm Extension,744798,zonisamide,39998
41287613,OMOP2485575,zonisamide 100 MG Oral Capsule [Zonisamid Bluefish] Box of 196 by Bluefish,RxNorm Extension,744798,zonisamide,39998
40882199,OMOP2080161,zonisamide 100 MG Oral Capsule [Zonisamid 1a Pharma] Box of 98 by 1 A,RxNorm Extension,744798,zonisamide,39998
41151220,OMOP2349182,zonisamide 25 MG Oral Capsule [Zonisamid Ratiopharm],RxNorm Extension,744798,zonisamide,39998
36214093,1156263,zonisamide Oral Product,RxNorm,744798,zonisamide,39998
41163321,OMOP2361283,zonisamide 25 MG Oral Capsule [Zonegran] Box of 28 by Beragena,RxNorm Extension,744798,zonisamide,39998
40944526,OMOP2142488,zonisamide 25 MG Oral Capsule [Zonegran Eisai] Box of 28 by Eisai,RxNorm Extension,744798,zonisamide,39998
44177948,OMOP3054671,zonisamide 50 MG Oral Capsule [Zonisamid Beta] Box of 28 by Betapharm,RxNorm Extension,744798,zonisamide,39998
41163319,OMOP2361281,zonisamide 25 MG Oral Capsule [ZONISAMIDE MYLAN] Box of 28 by Mylan,RxNorm Extension,744798,zonisamide,39998
41295522,OMOP2493484,zonisamide 50 MG [Zonisahexal],RxNorm Extension,744798,zonisamide,39998
19100341,576611,zonisamide 50 MG [Zonegran],RxNorm,744798,zonisamide,39998
44186891,OMOP3063614,zonisamide 50 MG [Zonisamid Al],RxNorm Extension,744798,zonisamide,39998
40742381,OMOP4715313,zonisamide 25 MG Oral Capsule [Zonegran] by Sigma,RxNorm Extension,744798,zonisamide,39998
41056921,OMOP2254883,zonisamide 100 MG Oral Capsule [Zonegran] Box of 28,RxNorm Extension,744798,zonisamide,39998
40742377,OMOP4715317,zonisamide 50 MG Oral Capsule by Creo,RxNorm Extension,744798,zonisamide,39998
40742388,OMOP4715306,zonisamide 25 MG Oral Capsule by Actavis,RxNorm Extension,744798,zonisamide,39998
40742372,OMOP4715322,zonisamide 50 MG Oral Capsule by Actavis,RxNorm Extension,744798,zonisamide,39998
35141516,OMOP4798641,1000 MG zonisamide 0.2 MG/MG Oral Powder,RxNorm Extension,744798,zonisamide,39998
21119203,OMOP403689,zonisamide 50 MG Oral Capsule Box of 56 by TEVA,RxNorm Extension,744798,zonisamide,39998
21148736,OMOP403765,zonisamide 50 MG Oral Capsule [Zonegran] by Eisai,RxNorm Extension,744798,zonisamide,39998
40742360,OMOP4715334,zonisamide 50 MG Oral Capsule [Zonegran] Box of 28 by Necessity Supplies,RxNorm Extension,744798,zonisamide,39998
21148731,OMOP403217,zonisamide 100 MG Oral Capsule [Zonegran] Box of 56 by Sigma-Tau,RxNorm Extension,744798,zonisamide,39998
41275519,OMOP2473481,zonisamide 100 MG Oral Capsule [Zonegran] Box of 98,RxNorm Extension,744798,zonisamide,39998
2053965,OMOP4954542,zonisamide 20000 MG,RxNorm Extension,744798,zonisamide,39998
44174198,OMOP3050921,zonisamide 100 MG Oral Capsule [Zonegran] Box of 98 by Abacus Medicine,RxNorm Extension,744798,zonisamide,39998
35156068,OMOP4813466,zonisamide 0.2 MG/MG Oral Powder,RxNorm Extension,744798,zonisamide,39998
21030883,OMOP403356,zonisamide 25 MG Oral Capsule by TEVA,RxNorm Extension,744798,zonisamide,39998
40101599,374625,zonisamide Oral Capsule,RxNorm,744798,zonisamide,39998
40742392,OMOP4715302,zonisamide 100 MG Oral Capsule [Zonegran] Box of 56 by Necessity Supplies,RxNorm Extension,744798,zonisamide,39998
44172809,OMOP3049532,zonisamide 50 MG Oral Capsule [Zonisamid Al] Box of 28,RxNorm Extension,744798,zonisamide,39998
36420787,OMOP4763067,zonisamide 50 MG [Zonisamid Aristo],RxNorm Extension,744798,zonisamide,39998
44162896,OMOP3039619,zonisamide 100 MG Oral Capsule [Zonisamid Neuraxph] Box of 98 by Neuraxpharm,RxNorm Extension,744798,zonisamide,39998
41287614,OMOP2485576,zonisamide 100 MG Oral Capsule [Zonegran] Box of 196 by Axicorp,RxNorm Extension,744798,zonisamide,39998
41119656,OMOP2317618,zonisamide 50 MG Oral Capsule [Zonegran Eisai] Box of 28,RxNorm Extension,744798,zonisamide,39998
21060377,OMOP403366,zonisamide 25 MG Oral Capsule Box of 14,RxNorm Extension,744798,zonisamide,39998
21040779,OMOP403139,zonisamide 100 MG Oral Capsule [Zonegran] by Waymade,RxNorm Extension,744798,zonisamide,39998
2011895,OMOP4954535,zonisamide 200 MG Oral Powder [DONG-A EXCEGRAN],RxNorm Extension,744798,zonisamide,39998
40932122,OMOP2130084,zonisamide 100 MG Oral Capsule [Zonisamid Ratiopharm] Box of 28,RxNorm Extension,744798,zonisamide,39998
35137150,OMOP4794325,zonisamide 100 MG Oral Tablet by Kyowa,RxNorm Extension,744798,zonisamide,39998
21158688,OMOP403526,zonisamide 25 MG Oral Capsule [Zonegran] Box of 14 by Waymade,RxNorm Extension,744798,zonisamide,39998
40952301,OMOP2150263,zonisamide 25 MG [Zonisamid 1a Pharma],RxNorm Extension,744798,zonisamide,39998
37592782,OMOP4782225,zonisamide 50 MG Oral Capsule [Zonisamid Glenmark] by Glenmark,RxNorm Extension,744798,zonisamide,39998
44176528,OMOP3053251,zonisamide 50 MG Oral Capsule [Zonisamid Neuraxph],RxNorm Extension,744798,zonisamide,39998
40994648,OMOP2192610,zonisamide 25 MG Oral Capsule [Desizon] Box of 28,RxNorm Extension,744798,zonisamide,39998
36882018,OMOP989082,zonisamide 50 MG Oral Capsule Box of 14,RxNorm Extension,744798,zonisamide,39998
41131966,OMOP2329928,zonisamide 100 MG Oral Capsule [Zonisamid Ratiopharm] Box of 196 by Ratiopharm,RxNorm Extension,744798,zonisamide,39998
41088410,OMOP2286372,zonisamide 25 MG Oral Capsule [Zonisamid 1a Pharma],RxNorm Extension,744798,zonisamide,39998
21168475,OMOP403206,zonisamide 100 MG Oral Capsule [Zonegran] Box of 56 by Mawdsley-Brooks,RxNorm Extension,744798,zonisamide,39998
44186893,OMOP3063616,zonisamide 100 MG [Zonisamid Al],RxNorm Extension,744798,zonisamide,39998
21109504,OMOP403744,zonisamide 50 MG Oral Capsule [Zonegran] by DE,RxNorm Extension,744798,zonisamide,39998
35753471,OMOP2754932,zonisamide 10 MG/ML Oral Solution by Drug Tariff Special Order,RxNorm Extension,744798,zonisamide,39998
44161447,OMOP3038170,zonisamide 100 MG Oral Capsule [Zonisamid Neuraxph] Box of 196,RxNorm Extension,744798,zonisamide,39998
21080041,OMOP403468,zonisamide 25 MG Oral Capsule [Zonegran] by Eisai,RxNorm Extension,744798,zonisamide,39998
21168474,OMOP403042,zonisamide 100 MG Oral Capsule by TEVA,RxNorm Extension,744798,zonisamide,39998
40944523,OMOP2142485,zonisamide 100 MG Oral Capsule [Zonegran] Box of 196 by Abacus Medicine,RxNorm Extension,744798,zonisamide,39998
36062693,OMOP4988735,zonisamide 100 MG Oral Capsule by Zentiva,RxNorm Extension,744798,zonisamide,39998
36062697,OMOP4988739,zonisamide 50 MG Oral Capsule Box of 56 by DE,RxNorm Extension,744798,zonisamide,39998
21021178,OMOP403346,zonisamide 25 MG Oral Capsule by A A H,RxNorm Extension,744798,zonisamide,39998
43766865,OMOP673324,zonisamide 100 MG Oral Capsule [Desizon],RxNorm Extension,744798,zonisamide,39998
44177950,OMOP3054673,zonisamide 50 MG Oral Capsule [Zonegran] Box of 84 by Axicorp,RxNorm Extension,744798,zonisamide,39998
19102905,404726,zonisamide 50 MG Oral Capsule [Zonegran],RxNorm,744798,zonisamide,39998
36420781,OMOP4763061,zonisamide 100 MG Oral Capsule [Zonisamid Aristo] Box of 28,RxNorm Extension,744798,zonisamide,39998
40932121,OMOP2130083,zonisamide 100 MG Oral Capsule [Zonisamid Ratiopharm] Box of 196,RxNorm Extension,744798,zonisamide,39998
21030884,OMOP403399,zonisamide 25 MG Oral Capsule Box of 56,RxNorm Extension,744798,zonisamide,39998
36420776,OMOP4763056,zonisamide 25 MG Oral Capsule [Zonisamid Aristo],RxNorm Extension,744798,zonisamide,39998
21080039,OMOP403419,zonisamide 25 MG Oral Capsule [Zonegran] by Mawdsley-Brooks,RxNorm Extension,744798,zonisamide,39998
41319008,OMOP2516970,zonisamide 50 MG Oral Capsule [Zonegran] Box of 28 by Orifarm Leverkus,RxNorm Extension,744798,zonisamide,39998
41319010,OMOP2516972,zonisamide 100 MG Oral Capsule [Zonegran] Box of 196 by Kohlpharma,RxNorm Extension,744798,zonisamide,39998
36241107,1186310,Zonegran Pill,RxNorm,744798,zonisamide,39998
41213615,OMOP2411577,zonisamide 100 MG Oral Capsule [Zonisamid Bluefish] Box of 196,RxNorm Extension,744798,zonisamide,39998
41069170,OMOP2267132,zonisamide 50 MG Oral Capsule [Zonegran] Box of 84 by Emra-Med,RxNorm Extension,744798,zonisamide,39998
21080040,OMOP403451,zonisamide 25 MG Oral Capsule [Zonegran] by DE,RxNorm Extension,744798,zonisamide,39998
744798,39998,zonisamide,RxNorm,744798,zonisamide,39998
36420778,OMOP4763058,zonisamide 25 MG [Zonisamid Aristo],RxNorm Extension,744798,zonisamide,39998
19102550,403967,zonisamide 50 MG Oral Capsule,RxNorm,744798,zonisamide,39998
41151211,OMOP2349173,zonisamide 50 MG Oral Capsule [Zonisamid 1a Pharma],RxNorm Extension,744798,zonisamide,39998
35153656,OMOP4810682,zonisamide 50 MG Disintegrating Oral Tablet,RxNorm Extension,744798,zonisamide,39998
21028008,OMOP289529,1 ML zonisamide 10 MG/ML Oral Suspension,RxNorm Extension,744798,zonisamide,39998
43821005,OMOP673328,zonisamide 50 MG [Desizon],RxNorm Extension,744798,zonisamide,39998
21050539,OMOP402963,zonisamide Oral Suspension,RxNorm Extension,744798,zonisamide,39998
36062691,OMOP4988733,zonisamide 100 MG Oral Capsule by Mylan,RxNorm Extension,744798,zonisamide,39998
41163318,OMOP2361280,zonisamide 100 MG Oral Capsule [Zonegran] Box of 28 by Gerke,RxNorm Extension,744798,zonisamide,39998
35155343,OMOP4812862,zonisamide 0.2 MG/MG,RxNorm Extension,744798,zonisamide,39998
40994646,OMOP2192608,zonisamide 100 MG Oral Capsule [Zonisamid Heumann] Box of 28,RxNorm Extension,744798,zonisamide,39998
21070326,OMOP403861,zonisamide 50 MG Oral Capsule [Zonegran] Box of 56 by Mawdsley-Brooks,RxNorm Extension,744798,zonisamide,39998
40742367,OMOP4715327,zonisamide 50 MG Oral Capsule Box of 56 by Flynn,RxNorm Extension,744798,zonisamide,39998
40742407,OMOP4715287,zonisamide 100 MG Oral Capsule by Chanelle,RxNorm Extension,744798,zonisamide,39998
21128995,OMOP403559,zonisamide 25 MG Oral Capsule [Zonegran] Box of 14 by Eisai,RxNorm Extension,744798,zonisamide,39998
37592784,OMOP4782227,zonisamide 50 MG Oral Capsule [Zonegran] by Beragena,RxNorm Extension,744798,zonisamide,39998
36062685,OMOP4988727,zonisamide 100 MG Oral Capsule Box of 56 by Torrent,RxNorm Extension,744798,zonisamide,39998
41225669,OMOP2423631,zonisamide 100 MG Oral Capsule [Zonegran] Box of 98 by Abacus Medicine,RxNorm Extension,744798,zonisamide,39998
42875598,OMOP4872712,zonisamide 100 MG Oral Capsule Box of 20,RxNorm Extension,744798,zonisamide,39998
44180266,OMOP3056989,zonisamide 100 MG Oral Capsule [Zonisamid Al] Box of 98,RxNorm Extension,744798,zonisamide,39998
21119200,OMOP403184,zonisamide 100 MG Oral Capsule [Zonegran] by Lexon,RxNorm Extension,744798,zonisamide,39998
35788464,OMOP2789925,200 ML zonisamide 10 MG/ML Oral Solution by Drug Tariff Special Order,RxNorm Extension,744798,zonisamide,39998
43677269,OMOP673332,zonisamide 50 MG Oral Capsule [Desizon] by Desitin,RxNorm Extension,744798,zonisamide,39998
40975467,OMOP2173429,zonisamide 25 MG Oral Capsule [Zonegran] Box of 28 by Gerke,RxNorm Extension,744798,zonisamide,39998
41025722,OMOP2223684,zonisamide 100 MG Oral Capsule [Zonegran] Box of 196,RxNorm Extension,744798,zonisamide,39998
41056919,OMOP2254881,zonisamide 100 MG Oral Capsule [Zonisamid Beta] Box of 196,RxNorm Extension,744798,zonisamide,39998
43839047,OMOP673315,zonisamide 25 MG [Desizon],RxNorm Extension,744798,zonisamide,39998
41025721,OMOP2223683,zonisamide 100 MG Oral Capsule [Zonisahexal] Box of 28,RxNorm Extension,744798,zonisamide,39998
21128996,OMOP403721,zonisamide 50 MG Oral Capsule [Zonegran] by Sigma-Tau,RxNorm Extension,744798,zonisamide,39998
35865568,OMOP5021675,zonisamide 100 MG [Lulang],RxNorm Extension,744798,zonisamide,39998
41056922,OMOP2254884,zonisamide 25 MG Oral Capsule [Zonisamid Bluefish],RxNorm Extension,744798,zonisamide,39998
21148738,OMOP403972,zonisamide 10 MG/ML Oral Suspension,RxNorm Extension,744798,zonisamide,39998
41171183,OMOP2369145,zonisamide 100 MG [Zonisamid Beta],RxNorm Extension,744798,zonisamide,39998
41202631,OMOP2400593,zonisamide 50 MG [Zonisamid Bluefish],RxNorm Extension,744798,zonisamide,39998
41233645,OMOP2431607,zonisamide 50 MG [Zonegran Eisai],RxNorm Extension,744798,zonisamide,39998
36420774,OMOP4763054,zonisamide 25 MG Oral Capsule [Zonisamid Neuraxph] Box of 98,RxNorm Extension,744798,zonisamide,39998
40882200,OMOP2080162,zonisamide 100 MG Oral Capsule [Zonegran Eisai] Box of 196 by Eisai,RxNorm Extension,744798,zonisamide,39998
41037928,OMOP2235890,zonisamide 100 MG Oral Capsule [Zonisamid 1a Pharma] Box of 28 by 1 A,RxNorm Extension,744798,zonisamide,39998
41194614,OMOP2392576,zonisamide 50 MG Oral Capsule [Zonisamid Ratiopharm] Box of 28 by Ratiopharm,RxNorm Extension,744798,zonisamide,39998
36062686,OMOP4988728,zonisamide 100 MG Oral Capsule Box of 56 by DE,RxNorm Extension,744798,zonisamide,39998
41244607,OMOP2442569,zonisamide 100 MG Oral Capsule [Desizon] Box of 28,RxNorm Extension,744798,zonisamide,39998
21158682,OMOP403054,zonisamide 100 MG Oral Capsule Box of 56,RxNorm Extension,744798,zonisamide,39998
40742379,OMOP4715315,zonisamide 25 MG Oral Capsule [Zonegran] Box of 14 by Sigma,RxNorm Extension,744798,zonisamide,39998
21168478,OMOP403588,zonisamide 25 MG Oral Capsule [Zonegran] Box of 56,RxNorm Extension,744798,zonisamide,39998
21099678,OMOP403505,zonisamide 25 MG Oral Capsule [Zonegran] Box of 14 by Mawdsley-Brooks,RxNorm Extension,744798,zonisamide,39998
36814759,OMOP4828799,zonisamide 100 MG Oral Capsule Box of 56 by Sovereign,RxNorm Extension,744798,zonisamide,39998
44161448,OMOP3038171,zonisamide 100 MG Oral Capsule [Zonisamid Neuraxph] Box of 98,RxNorm Extension,744798,zonisamide,39998
40742373,OMOP4715321,zonisamide 50 MG Oral Capsule by Aristo,RxNorm Extension,744798,zonisamide,39998
41119657,OMOP2317619,zonisamide 100 MG Oral Capsule [Zonisamid Ratiopharm] Box of 98,RxNorm Extension,744798,zonisamide,39998
21040783,OMOP403596,zonisamide 25 MG Oral Capsule [Zonegran] Box of 56 by Mawdsley-Brooks,RxNorm Extension,744798,zonisamide,39998
44160763,OMOP3037486,zonisamide Oral Capsule [Zonisamid Al],RxNorm Extension,744798,zonisamide,39998
40869929,OMOP2067891,zonisamide 50 MG Oral Capsule [Zonisamid 1a Pharma] Box of 28,RxNorm Extension,744798,zonisamide,39998
41119660,OMOP2317622,zonisamide 25 MG Oral Capsule [Zonisamid Heumann],RxNorm Extension,744798,zonisamide,39998
36062690,OMOP4988732,zonisamide 100 MG Oral Capsule by DE,RxNorm Extension,744798,zonisamide,39998
35130544,OMOP4787793,zonisamide Oral Tablet [Trerief],RxNorm Extension,744798,zonisamide,39998
21148735,OMOP403733,zonisamide 50 MG Oral Capsule [Zonegran] by Waymade,RxNorm Extension,744798,zonisamide,39998
43028066,OMOP4843151,zonisamide 25 MG Oral Capsule Box of 14 by Mylan,RxNorm Extension,744798,zonisamide,39998
21060376,OMOP403262,zonisamide 100 MG Oral Capsule [Zonegran] Box of 65,RxNorm Extension,744798,zonisamide,39998
40952299,OMOP2150261,zonisamide 100 MG [Zonisamid 1a Pharma],RxNorm Extension,744798,zonisamide,39998
44177953,OMOP3054676,zonisamide 100 MG Oral Capsule [Zonisamid Bluefish] Box of 98 by Bluefish,RxNorm Extension,744798,zonisamide,39998
40742376,OMOP4715318,zonisamide 50 MG Oral Capsule by Dr Reddy's,RxNorm Extension,744798,zonisamide,39998
36420785,OMOP4763065,zonisamide 50 MG Oral Capsule [Zonisamid Aristo],RxNorm Extension,744798,zonisamide,39998
21158684,OMOP403238,zonisamide 100 MG Oral Capsule [Zonegran] Box of 56 by DE,RxNorm Extension,744798,zonisamide,39998
21138898,OMOP403786,zonisamide 50 MG Oral Capsule [Zonegran] by Dowelhurst,RxNorm Extension,744798,zonisamide,39998
41037927,OMOP2235889,zonisamide 50 MG Oral Capsule [Zonisamid 1a Pharma] Box of 28 by 1 A,RxNorm Extension,744798,zonisamide,39998
40742389,OMOP4715305,zonisamide 25 MG Oral Capsule by Aristo,RxNorm Extension,744798,zonisamide,39998
21158687,OMOP403374,zonisamide 25 MG Oral Capsule Box of 14 by Alliance,RxNorm Extension,744798,zonisamide,39998
40742406,OMOP4715288,zonisamide 100 MG Oral Capsule by Flynn,RxNorm Extension,744798,zonisamide,39998
40742387,OMOP4715307,zonisamide 25 MG Oral Capsule by Par Companies,RxNorm Extension,744798,zonisamide,39998
40882198,OMOP2080160,zonisamide 100 MG Oral Capsule [Zonisamid Ratiopharm] Box of 28 by Ratiopharm,RxNorm Extension,744798,zonisamide,39998
35152001,OMOP4809043,zonisamide Oral Powder [EXCEGRAN],RxNorm Extension,744798,zonisamide,39998
21040784,OMOP403670,zonisamide 50 MG Oral Capsule Box of 56 by Alliance,RxNorm Extension,744798,zonisamide,39998
40882202,OMOP2080164,zonisamide 25 MG Oral Capsule [Zonegran] Box of 28 by Kohlpharma,RxNorm Extension,744798,zonisamide,39998
43802881,OMOP673320,zonisamide 25 MG Oral Capsule [Zonisamid Ratiopharm] by Ratiopharm,RxNorm Extension,744798,zonisamide,39998
21099680,OMOP403947,zonisamide 10 MG/ML,RxNorm Extension,744798,zonisamide,39998
41275516,OMOP2473478,zonisamide 100 MG Oral Capsule [Zonisamid Ratiopharm],RxNorm Extension,744798,zonisamide,39998
21128994,OMOP403537,zonisamide 25 MG Oral Capsule [Zonegran] Box of 14 by DE,RxNorm Extension,744798,zonisamide,39998
41225670,OMOP2423632,zonisamide 25 MG Oral Capsule [Zonegran] Box of 28 by Axicorp,RxNorm Extension,744798,zonisamide,39998
40944521,OMOP2142483,zonisamide 100 MG Oral Capsule [Zonisamid Heumann] Box of 196 by Heumann,RxNorm Extension,744798,zonisamide,39998
41182236,OMOP2380198,zonisamide 25 MG Oral Capsule [Zonegran] Box of 28,RxNorm Extension,744798,zonisamide,39998
40742365,OMOP4715329,zonisamide 50 MG Oral Capsule Box of 56 by Actavis,RxNorm Extension,744798,zonisamide,39998
40742401,OMOP4715293,zonisamide 100 MG Oral Capsule Box of 56 by Dr Reddy's,RxNorm Extension,744798,zonisamide,39998
35139614,OMOP4796768,zonisamide 25 MG Oral Tablet,RxNorm Extension,744798,zonisamide,39998
42955918,OMOP4682459,zonisamide 100 MG Oral Tablet [EXCEGRAN],RxNorm Extension,744798,zonisamide,39998
36509934,OMOP4836530,zonisamide 100 MG Oral Capsule [Zonegran] by Aaha,RxNorm Extension,744798,zonisamide,39998
44181660,OMOP3058383,zonisamide 100 MG Oral Capsule [Zonegran] Box of 196 by Abacus Medicine,RxNorm Extension,744798,zonisamide,39998
43766866,OMOP673327,zonisamide 100 MG Oral Capsule [Zonisamid Ratiopharm] by Ratiopharm,RxNorm Extension,744798,zonisamide,39998
36062696,OMOP4988738,zonisamide 50 MG Oral Capsule Box of 56 by Torrent,RxNorm Extension,744798,zonisamide,39998
36811212,OMOP4825250,zonisamide 100 MG Oral Capsule by Sovereign,RxNorm Extension,744798,zonisamide,39998
40742384,OMOP4715310,zonisamide 25 MG Oral Capsule Box of 14 by Aristo,RxNorm Extension,744798,zonisamide,39998
40944519,OMOP2142481,zonisamide 50 MG Oral Capsule [Zonisahexal] Box of 28 by Novartis,RxNorm Extension,744798,zonisamide,39998
43028068,OMOP4843153,zonisamide 100 MG Oral Capsule Box of 14 by TEVA,RxNorm Extension,744798,zonisamide,39998
21070328,OMOP403905,zonisamide 50 MG Oral Capsule [Zonegran] Box of 56 by Lexon,RxNorm Extension,744798,zonisamide,39998
41100644,OMOP2298606,zonisamide 25 MG Oral Capsule [Zonisamid 1a Pharma] Box of 28 by 1 A,RxNorm Extension,744798,zonisamide,39998
40932125,OMOP2130087,zonisamide 25 MG Oral Capsule [Zonisamid Beta] Box of 28,RxNorm Extension,744798,zonisamide,39998
41213612,OMOP2411574,zonisamide 50 MG Oral Capsule [Zonegran Eisai],RxNorm Extension,744798,zonisamide,39998
40975465,OMOP2173427,zonisamide 25 MG Oral Capsule [Zonisamid Heumann] Box of 28 by Heumann,RxNorm Extension,744798,zonisamide,39998
36508619,OMOP4836564,zonisamide 100 MG Oral Capsule by Glenmark,RxNorm Extension,744798,zonisamide,39998
44181659,OMOP3058382,zonisamide 100 MG Oral Capsule [Zonisamid Beta] Box of 28 by Betapharm,RxNorm Extension,744798,zonisamide,39998
21096676,OMOP289522,1 ML zonisamide 20 MG/ML Oral Suspension,RxNorm Extension,744798,zonisamide,39998
44179423,OMOP3056146,zonisamide 25 MG [Zonisamid Al],RxNorm Extension,744798,zonisamide,39998
36062700,OMOP4988742,zonisamide 50 MG Oral Capsule by Torrent,RxNorm Extension,744798,zonisamide,39998
41151216,OMOP2349178,zonisamide 100 MG Oral Capsule [Zonegran Eisai] Box of 196,RxNorm Extension,744798,zonisamide,39998
21099674,OMOP403150,zonisamide 100 MG Oral Capsule [Zonegran] by DE,RxNorm Extension,744798,zonisamide,39998
41244606,OMOP2442568,zonisamide 100 MG Oral Capsule [ZONISAMIDE MYLAN] Box of 98,RxNorm Extension,744798,zonisamide,39998
43677268,OMOP673325,zonisamide 100 MG Oral Capsule [Desizon] by Desitin,RxNorm Extension,744798,zonisamide,39998
35411150,OMOP1144735,zonisamide 50 MG [ZONISAMIDE MYLAN],RxNorm Extension,744798,zonisamide,39998
41151212,OMOP2349174,zonisamide 100 MG Oral Capsule [ZONISAMIDE MYLAN] Box of 28,RxNorm Extension,744798,zonisamide,39998
44161449,OMOP3038172,zonisamide 100 MG Oral Capsule [Zonisamid Al],RxNorm Extension,744798,zonisamide,39998
36814502,OMOP4828542,zonisamide 100 MG Oral Capsule Box of 56 by Endo,RxNorm Extension,744798,zonisamide,39998
40850972,OMOP2048934,zonisamide 50 MG Oral Capsule [Zonegran Eisai] Box of 28 by Eisai,RxNorm Extension,744798,zonisamide,39998
40742396,OMOP4715298,zonisamide 100 MG Oral Capsule Box of 56 by Par Companies,RxNorm Extension,744798,zonisamide,39998
21067276,OMOP289527,1 ML zonisamide 10 MG/ML Oral Solution,RxNorm Extension,744798,zonisamide,39998
40901026,OMOP2098988,zonisamide 50 MG Oral Capsule [Zonisamid Ratiopharm],RxNorm Extension,744798,zonisamide,39998
41319014,OMOP2516976,zonisamide 25 MG Oral Capsule [Zonegran] Box of 28 by Emra-Med,RxNorm Extension,744798,zonisamide,39998
41194618,OMOP2392580,zonisamide 100 MG Oral Capsule [Zonegran] Box of 98 by Aca Mueller,RxNorm Extension,744798,zonisamide,39998
40869931,OMOP2067893,zonisamide 100 MG Oral Capsule [ZONISAMIDE MYLAN] Box of 196,RxNorm Extension,744798,zonisamide,39998
43712926,OMOP673312,zonisamide Oral Capsule [Desizon],RxNorm Extension,744798,zonisamide,39998
41151218,OMOP2349180,zonisamide 100 MG Oral Capsule [Desizon] Box of 196,RxNorm Extension,744798,zonisamide,39998
40983458,OMOP2181420,zonisamide 100 MG [Zonegran Eisai],RxNorm Extension,744798,zonisamide,39998
21080042,OMOP403678,zonisamide 50 MG Oral Capsule Box of 56 by A A H,RxNorm Extension,744798,zonisamide,39998
35150542,OMOP4807590,zonisamide 25 MG Disintegrating Oral Tablet,RxNorm Extension,744798,zonisamide,39998
40858842,OMOP2056804,zonisamide 50 MG [Zonisamid Ratiopharm],RxNorm Extension,744798,zonisamide,39998
40742402,OMOP4715292,zonisamide 100 MG Oral Capsule Box of 56 by Creo,RxNorm Extension,744798,zonisamide,39998
42955919,OMOP4682460,zonisamide 100 MG [EXCEGRAN],RxNorm Extension,744798,zonisamide,39998
37592775,OMOP4782219,zonisamide Oral Capsule [Zonisamid Glenmark],RxNorm Extension,744798,zonisamide,39998
21060381,OMOP403894,zonisamide 50 MG Oral Capsule [Zonegran] Box of 56 by Eisai,RxNorm Extension,744798,zonisamide,39998
41025719,OMOP2223681,zonisamide 50 MG Oral Capsule [Zonegran Eisai] Box of 84,RxNorm Extension,744798,zonisamide,39998
40742403,OMOP4715291,zonisamide 100 MG Oral Capsule by Par Companies,RxNorm Extension,744798,zonisamide,39998
41319013,OMOP2516975,zonisamide 100 MG Oral Capsule [Zonegran] Box of 98 by Gerke,RxNorm Extension,744798,zonisamide,39998
40850973,OMOP2048935,zonisamide 50 MG Oral Capsule [Zonegran] Box of 28 by Gerke,RxNorm Extension,744798,zonisamide,39998
44174197,OMOP3050920,zonisamide 50 MG Oral Capsule [Zonisamid Al] Box of 28 by Aliud,RxNorm Extension,744798,zonisamide,39998
21168479,OMOP403645,zonisamide 50 MG Oral Capsule by TEVA,RxNorm Extension,744798,zonisamide,39998
40101601,375369,zonisamide Oral Tablet,RxNorm,744798,zonisamide,39998
